user_id,revenue,orders
s000000,100.06,2
s000001,114.99,2
s000002,46.33,1
s000003,291.02,3
s000004,338.29,4
s000005,78.87,1
s000006,356.63,3
s000007,252.15,3
s000008,143.23,2
s000009,0.0,0
s000010,171.1,2
s000011,0.0,0
s000012,332.32,3
s000013,177.69,3
s000014,332.11,4
s000015,79.61,1
s000016,84.52,1
s000017,0.0,0
s000018,88.69,1
s000019,0.0,0
s000020,214.21,4
s000021,58.58,1
s000022,126.22,2
s000023,111.86,1
s000024,0.0,0
s000025,123.33,1
s000026,47.87,1
s000027,229.53,3
s000028,71.38,1
s000029,103.62,2
s000030,527.89,5
s000031,323.85,4
s000032,45.17,1
s000033,383.2,4
s000034,299.92,4
s000035,174.31,3
s000036,66.45,1
s000037,228.46,3
s000038,175.19,2
s000039,69.86,1
s000040,134.22,2
s000041,140.5,2
s000042,143.89,2
s000043,168.39,2
s000044,0.0,0
s000045,148.42,4
s000046,0.0,0
s000047,344.05,3
s000048,24.73,1
s000049,137.44,2
s000050,345.23,3
s000051,127.35,2
s000052,178.92,2
s000053,226.82,2
s000054,0.0,0
s000055,118.82,1
s000056,84.06,1
s000057,0.0,0
s000058,0.0,0
s000059,327.01,3
s000060,0.0,0
s000061,67.62,1
s000062,650.64,6
s000063,72.58,1
s000064,320.79,3
s000065,189.66,1
s000066,238.97,3
s000067,0.0,0
s000068,0.0,0
s000069,128.78,2
s000070,0.0,0
s000071,329.32,5
s000072,178.57,2
s000073,345.89,3
s000074,138.1,2
s000075,0.0,0
s000076,225.87,3
s000077,126.31,2
s000078,54.85,1
s000079,0.0,0
s000080,0.0,0
s000081,100.37,1
s000082,0.0,0
s000083,141.34,1
s000084,189.78,3
s000085,0.0,0
s000086,100.03,1
s000087,80.28,1
s000088,216.57,3
s000089,242.86,3
s000090,223.29,3
s000091,162.28,1
s000092,313.61,2
s000093,69.68,1
s000094,0.0,0
s000095,146.66,3
s000096,151.91,2
s000097,504.09,4
s000098,101.1,1
s000099,52.96,1
s000100,0.0,0
s000101,210.32,3
s000102,481.77,5
s000103,28.2,1
s000104,343.3,2
s000105,0.0,0
s000106,196.08,3
s000107,33.11,1
s000108,88.36,2
s000109,267.29,3
s000110,115.5,2
s000111,98.33,1
s000112,65.56,1
s000113,299.85,3
s000114,188.33,2
s000115,337.99,5
s000116,115.5,1
s000117,0.0,0
s000118,216.95,4
s000119,132.44,2
s000120,0.0,0
s000121,118.5,2
s000122,30.86,1
s000123,115.73,1
s000124,263.24,2
s000125,88.12,1
s000126,205.41,2
s000127,237.82,2
s000128,226.3,3
s000129,360.9,4
s000130,176.95,2
s000131,160.19,3
s000132,74.03,1
s000133,246.76,3
s000134,93.36,2
s000135,298.59,3
s000136,359.96,3
s000137,68.15,1
s000138,326.97,3
s000139,49.44,1
s000140,246.51,3
s000141,210.76,2
s000142,64.46,1
s000143,626.54,6
s000144,218.83,3
s000145,39.72,1
s000146,201.75,3
s000147,416.95,4
s000148,173.39,3
s000149,476.58,5
s000150,163.95,2
s000151,217.14,3
s000152,47.57,1
s000153,157.06,2
s000154,52.82,1
s000155,106.8,1
s000156,186.03,1
s000157,87.05,1
s000158,37.41,1
s000159,0.0,0
s000160,468.42,5
s000161,0.0,0
s000162,228.68,2
s000163,342.5,3
s000164,0.0,0
s000165,316.18,4
s000166,102.73,1
s000167,298.85,3
s000168,124.44,2
s000169,58.3,1
s000170,424.37,5
s000171,146.36,2
s000172,348.13,3
s000173,138.08,1
s000174,163.99,2
s000175,43.04,1
s000176,0.0,0
s000177,0.0,0
s000178,154.49,2
s000179,113.64,1
s000180,0.0,0
s000181,212.83,3
s000182,74.79,1
s000183,0.0,0
s000184,491.82,3
s000185,92.09,1
s000186,305.78,4
s000187,0.0,0
s000188,68.38,1
s000189,296.01,3
s000190,129.3,2
s000191,223.29,4
s000192,732.86,6
s000193,235.32,2
s000194,124.75,1
s000195,143.07,1
s000196,140.54,2
s000197,254.78,3
s000198,323.89,3
s000199,84.93,1
s000200,58.14,1
s000201,58.72,1
s000202,359.77,4
s000203,172.03,2
s000204,282.75,3
s000205,80.17,1
s000206,68.85,1
s000207,95.96,1
s000208,97.56,1
s000209,115.34,1
s000210,0.0,0
s000211,301.51,4
s000212,150.8,2
s000213,439.39,4
s000214,144.6,2
s000215,48.31,1
s000216,198.53,2
s000217,300.84,4
s000218,299.87,4
s000219,203.28,3
s000220,30.98,1
s000221,245.27,2
s000222,132.3,2
s000223,367.97,3
s000224,0.0,0
s000225,101.54,1
s000226,39.77,1
s000227,144.97,1
s000228,86.67,2
s000229,178.55,3
s000230,0.0,0
s000231,103.2,2
s000232,50.19,1
s000233,92.59,1
s000234,146.01,2
s000235,60.24,1
s000236,102.83,2
s000237,264.94,4
s000238,0.0,0
s000239,40.86,1
s000240,185.29,2
s000241,111.57,2
s000242,186.05,2
s000243,680.0,6
s000244,405.58,3
s000245,155.46,2
s000246,215.81,2
s000247,234.78,4
s000248,325.9,4
s000249,151.68,2
s000250,68.59,1
s000251,229.02,3
s000252,61.98,1
s000253,252.58,2
s000254,30.34,1
s000255,139.25,1
s000256,132.76,2
s000257,359.58,4
s000258,0.0,0
s000259,198.16,4
s000260,196.05,3
s000261,91.86,2
s000262,179.21,3
s000263,132.26,3
s000264,179.84,2
s000265,175.91,2
s000266,204.85,2
s000267,121.5,2
s000268,157.57,2
s000269,278.88,4
s000270,293.14,3
s000271,119.42,2
s000272,111.1,2
s000273,63.36,2
s000274,168.25,2
s000275,92.75,1
s000276,0.0,0
s000277,0.0,0
s000278,0.0,0
s000279,0.0,0
s000280,65.18,1
s000281,0.0,0
s000282,188.41,3
s000283,227.45,2
s000284,168.34,2
s000285,158.98,2
s000286,139.81,1
s000287,0.0,0
s000288,75.74,1
s000289,60.39,1
s000290,0.0,0
s000291,0.0,0
s000292,220.88,3
s000293,253.36,3
s000294,85.53,1
s000295,87.73,1
s000296,203.08,3
s000297,82.29,1
s000298,65.69,1
s000299,92.22,1
s000300,318.39,4
s000301,30.12,1
s000302,88.55,1
s000303,103.53,2
s000304,299.74,4
s000305,193.32,2
s000306,0.0,0
s000307,316.95,2
s000308,0.0,0
s000309,387.0,4
s000310,466.12,5
s000311,62.25,1
s000312,88.19,1
s000313,168.38,2
s000314,282.23,3
s000315,122.82,2
s000316,69.57,1
s000317,263.87,3
s000318,124.05,3
s000319,54.78,1
s000320,0.0,0
s000321,243.66,2
s000322,321.26,3
s000323,289.07,4
s000324,0.0,0
s000325,61.13,1
s000326,194.84,2
s000327,504.7,5
s000328,0.0,0
s000329,79.55,1
s000330,305.59,3
s000331,242.98,3
s000332,237.78,2
s000333,84.65,1
s000334,66.39,1
s000335,51.15,1
s000336,103.06,1
s000337,37.71,1
s000338,370.57,4
s000339,300.19,3
s000340,247.87,4
s000341,230.44,3
s000342,114.88,2
s000343,384.41,4
s000344,0.0,0
s000345,47.69,1
s000346,60.73,1
s000347,136.32,1
s000348,71.07,1
s000349,84.57,1
s000350,291.02,4
s000351,210.98,2
s000352,72.61,1
s000353,241.58,3
s000354,89.47,1
s000355,0.0,0
s000356,69.61,1
s000357,110.59,2
s000358,0.0,0
s000359,191.76,2
s000360,138.25,2
s000361,179.8,2
s000362,74.04,1
s000363,171.46,1
s000364,78.44,1
s000365,52.77,1
s000366,0.0,0
s000367,359.66,4
s000368,145.4,2
s000369,127.21,2
s000370,556.02,4
s000371,0.0,0
s000372,147.76,2
s000373,99.2,2
s000374,220.41,3
s000375,0.0,0
s000376,53.09,1
s000377,0.0,0
s000378,629.62,7
s000379,215.08,3
s000380,0.0,0
s000381,120.2,2
s000382,123.88,2
s000383,233.67,3
s000384,57.88,1
s000385,82.39,1
s000386,225.33,2
s000387,0.0,0
s000388,162.32,2
s000389,213.44,2
s000390,190.96,3
s000391,161.79,2
s000392,160.33,2
s000393,249.9,4
s000394,212.38,2
s000395,193.26,2
s000396,163.34,1
s000397,0.0,0
s000398,126.76,1
s000399,0.0,0
s000400,233.98,4
s000401,0.0,0
s000402,0.0,0
s000403,0.0,0
s000404,116.16,3
s000405,23.77,1
s000406,0.0,0
s000407,347.8,3
s000408,107.49,1
s000409,244.69,3
s000410,291.72,3
s000411,146.4,2
s000412,172.73,2
s000413,335.66,3
s000414,115.43,2
s000415,55.18,1
s000416,73.23,1
s000417,0.0,0
s000418,0.0,0
s000419,148.08,2
s000420,347.39,4
s000421,0.0,0
s000422,371.14,4
s000423,267.77,3
s000424,0.0,0
s000425,41.26,1
s000426,0.0,0
s000427,226.2,3
s000428,79.84,1
s000429,279.79,4
s000430,426.76,3
s000431,38.55,1
s000432,0.0,0
s000433,141.24,2
s000434,184.22,2
s000435,346.87,4
s000436,264.33,4
s000437,114.77,2
s000438,90.8,1
s000439,86.6,2
s000440,118.24,2
s000441,177.08,1
s000442,0.0,0
s000443,141.77,2
s000444,266.91,3
s000445,0.0,0
s000446,0.0,0
s000447,77.14,1
s000448,146.08,2
s000449,57.4,1
s000450,142.97,1
s000451,311.28,3
s000452,186.53,2
s000453,72.73,1
s000454,398.67,3
s000455,384.01,5
s000456,189.3,3
s000457,352.86,4
s000458,145.44,1
s000459,98.23,1
s000460,108.84,2
s000461,212.72,3
s000462,153.69,2
s000463,229.92,3
s000464,321.84,3
s000465,147.18,2
s000466,69.97,1
s000467,351.1,4
s000468,240.57,3
s000469,75.93,1
s000470,244.28,4
s000471,404.42,5
s000472,71.0,1
s000473,0.0,0
s000474,372.54,3
s000475,135.26,3
s000476,33.92,1
s000477,212.81,2
s000478,273.66,3
s000479,299.42,3
s000480,126.9,2
s000481,207.29,2
s000482,192.23,2
s000483,150.92,2
s000484,0.0,0
s000485,89.22,1
s000486,0.0,0
s000487,338.64,3
s000488,126.33,2
s000489,113.53,2
s000490,0.0,0
s000491,101.05,1
s000492,136.02,2
s000493,190.06,2
s000494,51.17,1
s000495,112.53,1
s000496,0.0,0
s000497,239.13,3
s000498,223.52,3
s000499,0.0,0
s000500,173.26,2
s000501,0.0,0
s000502,534.6,4
s000503,89.73,1
s000504,336.47,3
s000505,117.97,2
s000506,165.77,2
s000507,68.08,1
s000508,296.96,4
s000509,87.1,1
s000510,0.0,0
s000511,587.93,6
s000512,0.0,0
s000513,320.37,3
s000514,71.98,1
s000515,199.94,2
s000516,149.75,2
s000517,102.61,2
s000518,202.35,2
s000519,204.98,3
s000520,88.42,1
s000521,41.67,1
s000522,174.74,2
s000523,169.92,2
s000524,0.0,0
s000525,96.87,1
s000526,144.93,1
s000527,585.56,6
s000528,516.0,4
s000529,336.09,3
s000530,311.72,4
s000531,315.14,3
s000532,101.2,1
s000533,69.73,1
s000534,0.0,0
s000535,84.38,1
s000536,230.17,3
s000537,698.91,7
s000538,32.11,1
s000539,104.13,2
s000540,355.06,3
s000541,163.41,2
s000542,46.23,1
s000543,99.11,2
s000544,184.0,2
s000545,96.94,2
s000546,79.43,1
s000547,124.84,2
s000548,204.97,2
s000549,0.0,0
s000550,283.67,4
s000551,0.0,0
s000552,98.92,2
s000553,114.71,1
s000554,146.11,2
s000555,331.07,4
s000556,119.43,2
s000557,221.85,3
s000558,780.72,8
s000559,0.0,0
s000560,36.09,1
s000561,146.59,1
s000562,178.3,3
s000563,258.71,3
s000564,123.42,2
s000565,54.93,1
s000566,76.11,1
s000567,93.32,1
s000568,0.0,0
s000569,53.13,1
s000570,0.0,0
s000571,367.4,4
s000572,51.78,1
s000573,130.34,2
s000574,0.0,0
s000575,444.99,5
s000576,154.78,2
s000577,98.75,1
s000578,217.36,3
s000579,113.51,2
s000580,0.0,0
s000581,0.0,0
s000582,379.72,4
s000583,203.04,2
s000584,112.63,1
s000585,165.71,2
s000586,0.0,0
s000587,264.63,2
s000588,209.93,2
s000589,66.75,1
s000590,136.93,2
s000591,0.0,0
s000592,125.91,2
s000593,175.14,2
s000594,161.41,1
s000595,202.18,2
s000596,257.45,3
s000597,397.9,3
s000598,247.25,3
s000599,172.86,2
s000600,166.15,3
s000601,280.81,3
s000602,69.08,1
s000603,240.13,3
s000604,74.0,1
s000605,51.24,1
s000606,204.44,2
s000607,182.97,1
s000608,167.92,2
s000609,217.01,3
s000610,138.18,2
s000611,208.33,3
s000612,66.45,1
s000613,80.29,1
s000614,254.25,3
s000615,0.0,0
s000616,88.41,2
s000617,367.95,4
s000618,0.0,0
s000619,246.06,2
s000620,213.65,2
s000621,248.77,2
s000622,386.43,4
s000623,213.15,3
s000624,127.44,1
s000625,81.53,1
s000626,61.94,1
s000627,387.83,4
s000628,56.59,1
s000629,72.31,1
s000630,57.32,1
s000631,0.0,0
s000632,153.84,3
s000633,144.69,2
s000634,0.0,0
s000635,246.56,2
s000636,359.52,4
s000637,0.0,0
s000638,153.6,2
s000639,66.19,1
s000640,256.67,4
s000641,284.32,3
s000642,146.43,2
s000643,157.62,2
s000644,130.6,2
s000645,71.36,1
s000646,122.91,1
s000647,0.0,0
s000648,213.27,1
s000649,126.51,2
s000650,62.39,1
s000651,114.03,2
s000652,110.49,2
s000653,298.11,3
s000654,79.08,1
s000655,52.07,1
s000656,93.97,1
s000657,0.0,0
s000658,0.0,0
s000659,76.36,1
s000660,0.0,0
s000661,152.08,2
s000662,161.49,2
s000663,147.97,2
s000664,887.37,8
s000665,58.27,1
s000666,146.17,2
s000667,121.29,2
s000668,130.5,2
s000669,0.0,0
s000670,0.0,0
s000671,68.6,1
s000672,0.0,0
s000673,708.03,7
s000674,134.47,2
s000675,107.98,2
s000676,166.08,2
s000677,191.59,3
s000678,127.34,1
s000679,0.0,0
s000680,0.0,0
s000681,0.0,0
s000682,215.08,2
s000683,82.68,1
s000684,306.72,4
s000685,0.0,0
s000686,104.55,1
s000687,462.61,5
s000688,151.74,2
s000689,340.94,3
s000690,241.1,2
s000691,132.54,2
s000692,0.0,0
s000693,229.4,2
s000694,0.0,0
s000695,187.64,3
s000696,57.81,1
s000697,78.43,1
s000698,57.12,1
s000699,0.0,0
s000700,0.0,0
s000701,0.0,0
s000702,130.25,2
s000703,335.48,2
s000704,402.68,3
s000705,215.66,3
s000706,449.67,5
s000707,202.84,3
s000708,0.0,0
s000709,403.19,4
s000710,193.83,2
s000711,0.0,0
s000712,198.4,3
s000713,275.19,3
s000714,142.42,2
s000715,252.28,3
s000716,159.66,2
s000717,171.79,2
s000718,302.63,4
s000719,287.13,4
s000720,38.79,1
s000721,34.26,1
s000722,403.2,4
s000723,67.02,1
s000724,162.79,2
s000725,127.12,1
s000726,179.15,3
s000727,91.46,1
s000728,146.8,2
s000729,152.25,1
s000730,130.44,2
s000731,293.11,2
s000732,227.63,2
s000733,0.0,0
s000734,74.9,1
s000735,81.83,1
s000736,0.0,0
s000737,470.31,3
s000738,136.03,2
s000739,0.0,0
s000740,139.62,2
s000741,132.01,2
s000742,60.24,1
s000743,35.96,1
s000744,91.4,1
s000745,261.68,3
s000746,227.04,3
s000747,122.5,1
s000748,205.79,2
s000749,325.11,3
s000750,304.93,3
s000751,272.0,3
s000752,0.0,0
s000753,255.24,3
s000754,0.0,0
s000755,150.96,2
s000756,72.5,1
s000757,45.19,1
s000758,156.7,2
s000759,113.57,1
s000760,174.6,2
s000761,122.89,2
s000762,146.48,2
s000763,57.82,1
s000764,128.91,2
s000765,57.72,1
s000766,0.0,0
s000767,0.0,0
s000768,83.42,1
s000769,39.89,1
s000770,194.25,2
s000771,137.02,2
s000772,0.0,0
s000773,228.61,2
s000774,0.0,0
s000775,158.63,2
s000776,660.31,6
s000777,164.32,2
s000778,151.07,1
s000779,186.5,2
s000780,183.16,2
s000781,0.0,0
s000782,61.74,1
s000783,153.38,2
s000784,177.05,2
s000785,56.52,1
s000786,125.36,1
s000787,0.0,0
s000788,128.59,2
s000789,227.78,2
s000790,322.51,4
s000791,43.02,1
s000792,226.09,3
s000793,0.0,0
s000794,178.21,1
s000795,161.71,3
s000796,0.0,0
s000797,217.35,1
s000798,57.05,1
s000799,117.3,2
s000800,203.54,2
s000801,305.08,4
s000802,171.68,2
s000803,0.0,0
s000804,0.0,0
s000805,0.0,0
s000806,0.0,0
s000807,66.17,1
s000808,0.0,0
s000809,72.44,1
s000810,323.69,4
s000811,38.84,1
s000812,48.47,1
s000813,0.0,0
s000814,128.6,2
s000815,0.0,0
s000816,91.48,2
s000817,198.68,3
s000818,244.3,3
s000819,75.67,1
s000820,222.33,3
s000821,62.52,1
s000822,0.0,0
s000823,0.0,0
s000824,249.67,4
s000825,0.0,0
s000826,88.99,1
s000827,0.0,0
s000828,90.12,1
s000829,292.32,4
s000830,272.84,3
s000831,52.83,1
s000832,175.23,1
s000833,109.22,1
s000834,196.65,3
s000835,206.91,2
s000836,254.69,3
s000837,226.02,3
s000838,48.96,1
s000839,410.25,3
s000840,0.0,0
s000841,172.22,2
s000842,110.92,2
s000843,267.94,3
s000844,306.86,3
s000845,0.0,0
s000846,0.0,0
s000847,38.84,1
s000848,304.64,4
s000849,219.99,2
s000850,67.28,1
s000851,447.3,4
s000852,172.55,2
s000853,110.06,2
s000854,653.69,7
s000855,210.98,2
s000856,692.62,4
s000857,338.98,3
s000858,0.0,0
s000859,68.72,1
s000860,206.21,3
s000861,151.34,2
s000862,400.86,6
s000863,44.96,1
s000864,131.98,2
s000865,0.0,0
s000866,55.94,1
s000867,0.0,0
s000868,267.7,3
s000869,285.21,4
s000870,44.76,1
s000871,0.0,0
s000872,92.16,1
s000873,62.64,1
s000874,215.05,3
s000875,53.81,1
s000876,0.0,0
s000877,122.76,2
s000878,56.14,1
s000879,110.57,2
s000880,275.28,3
s000881,91.38,2
s000882,0.0,0
s000883,75.96,1
s000884,88.96,1
s000885,119.44,2
s000886,137.58,2
s000887,226.35,2
s000888,377.18,5
s000889,249.7,2
s000890,400.22,5
s000891,382.82,3
s000892,48.01,1
s000893,46.18,1
s000894,39.58,1
s000895,186.42,2
s000896,161.01,2
s000897,99.74,1
s000898,0.0,0
s000899,101.18,1
s000900,0.0,0
s000901,251.58,3
s000902,144.63,2
s000903,120.38,3
s000904,69.82,1
s000905,144.06,2
s000906,0.0,0
s000907,202.98,3
s000908,115.21,2
s000909,75.86,1
s000910,82.88,1
s000911,205.29,2
s000912,192.02,2
s000913,343.82,5
s000914,246.59,3
s000915,150.0,2
s000916,69.88,1
s000917,193.24,2
s000918,294.41,3
s000919,365.67,4
s000920,302.05,3
s000921,235.01,2
s000922,98.64,1
s000923,73.4,1
s000924,515.78,5
s000925,87.14,1
s000926,235.42,3
s000927,187.32,2
s000928,135.19,2
s000929,275.52,3
s000930,0.0,0
s000931,65.28,1
s000932,155.27,2
s000933,233.58,2
s000934,69.27,1
s000935,343.81,5
s000936,89.65,1
s000937,318.76,4
s000938,243.88,2
s000939,204.93,2
s000940,114.46,2
s000941,144.68,2
s000942,89.65,1
s000943,118.62,2
s000944,265.29,3
s000945,289.91,3
s000946,344.92,4
s000947,70.16,1
s000948,0.0,0
s000949,44.16,1
s000950,106.09,1
s000951,44.85,1
s000952,72.31,1
s000953,0.0,0
s000954,0.0,0
s000955,0.0,0
s000956,67.39,1
s000957,319.83,3
s000958,101.09,1
s000959,89.2,1
s000960,85.61,1
s000961,96.89,2
s000962,204.54,2
s000963,307.3,3
s000964,0.0,0
s000965,256.32,3
s000966,61.7,1
s000967,461.99,4
s000968,280.91,2
s000969,358.2,3
s000970,54.73,1
s000971,345.79,3
s000972,89.59,1
s000973,82.28,1
s000974,142.01,2
s000975,122.16,2
s000976,0.0,0
s000977,117.63,2
s000978,170.4,2
s000979,305.42,2
s000980,0.0,0
s000981,187.89,2
s000982,0.0,0
s000983,139.61,2
s000984,159.14,2
s000985,290.82,2
s000986,302.34,3
s000987,61.81,1
s000988,513.61,5
s000989,148.54,3
s000990,270.77,3
s000991,89.83,1
s000992,150.48,2
s000993,0.0,0
s000994,179.8,2
s000995,182.32,3
s000996,83.68,2
s000997,91.58,1
s000998,225.25,2
s000999,49.12,1
s001000,38.4,1
s001001,129.51,2
s001002,0.0,0
s001003,278.83,3
s001004,50.78,1
s001005,130.57,1
s001006,267.93,2
s001007,0.0,0
s001008,106.42,1
s001009,137.38,2
s001010,360.31,4
s001011,80.53,1
s001012,346.27,5
s001013,263.96,5
s001014,67.4,1
s001015,58.62,1
s001016,310.9,4
s001017,540.49,5
s001018,0.0,0
s001019,171.32,2
s001020,213.06,2
s001021,108.3,2
s001022,0.0,0
s001023,60.89,1
s001024,157.48,2
s001025,274.61,3
s001026,251.48,3
s001027,152.34,2
s001028,167.68,2
s001029,0.0,0
s001030,528.36,4
s001031,0.0,0
s001032,114.66,2
s001033,131.25,1
s001034,304.78,3
s001035,166.21,2
s001036,131.19,2
s001037,71.48,1
s001038,0.0,0
s001039,251.08,3
s001040,0.0,0
s001041,93.09,1
s001042,192.3,2
s001043,0.0,0
s001044,176.75,2
s001045,145.4,2
s001046,0.0,0
s001047,210.26,3
s001048,121.24,2
s001049,162.46,2
s001050,99.5,1
s001051,318.0,3
s001052,225.51,3
s001053,361.72,3
s001054,134.23,2
s001055,93.17,1
s001056,102.94,1
s001057,275.89,3
s001058,329.93,4
s001059,322.45,4
s001060,0.0,0
s001061,559.37,5
s001062,119.19,2
s001063,45.4,1
s001064,199.66,3
s001065,67.61,1
s001066,61.59,1
s001067,187.01,2
s001068,133.12,2
s001069,386.79,4
s001070,541.62,5
s001071,0.0,0
s001072,61.36,1
s001073,120.28,2
s001074,378.97,5
s001075,154.3,2
s001076,54.23,1
s001077,155.9,2
s001078,119.13,2
s001079,95.84,1
s001080,0.0,0
s001081,0.0,0
s001082,303.65,4
s001083,168.1,2
s001084,0.0,0
s001085,59.63,1
s001086,38.81,1
s001087,87.32,1
s001088,109.43,2
s001089,47.83,1
s001090,119.45,2
s001091,309.4,4
s001092,0.0,0
s001093,111.85,1
s001094,0.0,0
s001095,151.46,2
s001096,95.16,2
s001097,296.86,3
s001098,206.58,3
s001099,120.87,1
s001100,59.4,1
s001101,148.87,2
s001102,301.53,3
s001103,88.07,2
s001104,154.73,2
s001105,0.0,0
s001106,0.0,0
s001107,173.82,2
s001108,230.74,3
s001109,0.0,0
s001110,507.77,6
s001111,148.74,2
s001112,125.78,2
s001113,0.0,0
s001114,172.03,1
s001115,0.0,0
s001116,254.12,3
s001117,179.91,2
s001118,444.18,5
s001119,70.87,1
s001120,36.23,1
s001121,185.81,2
s001122,46.62,1
s001123,139.19,2
s001124,300.55,4
s001125,104.24,1
s001126,105.68,2
s001127,152.73,1
s001128,0.0,0
s001129,285.89,4
s001130,87.71,2
s001131,248.0,2
s001132,316.25,4
s001133,58.71,1
s001134,150.0,2
s001135,221.85,2
s001136,44.77,1
s001137,172.05,2
s001138,0.0,0
s001139,355.24,4
s001140,65.8,1
s001141,96.89,1
s001142,142.75,2
s001143,198.34,2
s001144,167.92,2
s001145,54.49,1
s001146,0.0,0
s001147,148.82,2
s001148,204.49,3
s001149,184.5,2
s001150,103.76,1
s001151,69.35,1
s001152,126.07,2
s001153,172.0,2
s001154,68.52,1
s001155,0.0,0
s001156,0.0,0
s001157,200.44,3
s001158,0.0,0
s001159,219.24,2
s001160,95.48,1
s001161,0.0,0
s001162,205.62,3
s001163,59.37,1
s001164,0.0,0
s001165,154.59,2
s001166,0.0,0
s001167,187.3,3
s001168,174.05,2
s001169,159.3,3
s001170,483.32,5
s001171,313.49,3
s001172,386.5,4
s001173,99.2,1
s001174,75.43,1
s001175,94.87,1
s001176,88.91,1
s001177,282.24,3
s001178,310.37,3
s001179,154.27,2
s001180,154.94,1
s001181,164.19,1
s001182,0.0,0
s001183,217.7,2
s001184,84.59,1
s001185,315.18,3
s001186,89.4,1
s001187,0.0,0
s001188,84.5,1
s001189,44.3,1
s001190,143.95,2
s001191,221.59,2
s001192,150.67,2
s001193,154.57,2
s001194,65.81,1
s001195,217.82,3
s001196,0.0,0
s001197,0.0,0
s001198,140.4,2
s001199,0.0,0
s001200,0.0,0
s001201,164.94,2
s001202,191.19,3
s001203,142.94,2
s001204,0.0,0
s001205,0.0,0
s001206,276.79,4
s001207,204.78,2
s001208,187.58,3
s001209,238.32,3
s001210,94.94,2
s001211,187.54,3
s001212,88.99,1
s001213,551.64,4
s001214,0.0,0
s001215,66.11,1
s001216,190.96,2
s001217,0.0,0
s001218,77.76,1
s001219,60.96,1
s001220,234.53,3
s001221,126.82,2
s001222,279.96,3
s001223,0.0,0
s001224,0.0,0
s001225,79.97,1
s001226,263.01,3
s001227,99.11,2
s001228,269.83,4
s001229,343.33,4
s001230,0.0,0
s001231,301.58,3
s001232,123.52,2
s001233,100.34,1
s001234,218.42,2
s001235,274.38,3
s001236,161.93,2
s001237,261.96,3
s001238,228.9,2
s001239,97.4,1
s001240,45.42,1
s001241,84.88,1
s001242,255.8,2
s001243,60.28,1
s001244,39.32,1
s001245,232.24,3
s001246,104.16,1
s001247,0.0,0
s001248,201.81,2
s001249,0.0,0
s001250,200.34,2
s001251,0.0,0
s001252,79.85,1
s001253,72.01,1
s001254,211.55,3
s001255,109.68,1
s001256,240.67,3
s001257,59.62,1
s001258,0.0,0
s001259,56.26,1
s001260,105.18,1
s001261,107.14,2
s001262,142.07,1
s001263,53.61,1
s001264,306.79,3
s001265,100.76,1
s001266,131.75,2
s001267,43.33,1
s001268,262.96,3
s001269,97.35,1
s001270,151.36,2
s001271,68.62,1
s001272,379.84,4
s001273,54.18,1
s001274,157.54,2
s001275,0.0,0
s001276,141.9,2
s001277,368.17,3
s001278,180.7,2
s001279,161.49,2
s001280,116.41,1
s001281,0.0,0
s001282,417.81,5
s001283,246.76,4
s001284,308.81,4
s001285,992.73,8
s001286,0.0,0
s001287,219.6,2
s001288,184.6,2
s001289,138.63,1
s001290,0.0,0
s001291,0.0,0
s001292,88.18,1
s001293,581.34,6
s001294,598.23,6
s001295,21.77,1
s001296,138.61,2
s001297,131.56,1
s001298,40.06,1
s001299,0.0,0
s001300,214.58,2
s001301,78.89,1
s001302,117.65,1
s001303,311.99,3
s001304,166.34,3
s001305,35.68,1
s001306,149.91,2
s001307,266.46,3
s001308,100.14,2
s001309,110.47,1
s001310,119.21,1
s001311,106.33,1
s001312,320.58,3
s001313,140.11,2
s001314,317.02,4
s001315,692.44,6
s001316,88.4,1
s001317,240.55,2
s001318,180.44,3
s001319,386.42,3
s001320,273.53,3
s001321,0.0,0
s001322,64.95,1
s001323,57.4,1
s001324,149.67,1
s001325,240.57,3
s001326,110.72,2
s001327,182.51,3
s001328,0.0,0
s001329,173.32,3
s001330,0.0,0
s001331,240.42,3
s001332,99.56,1
s001333,382.34,3
s001334,87.98,1
s001335,134.05,1
s001336,222.17,2
s001337,92.54,1
s001338,80.52,1
s001339,432.2,4
s001340,0.0,0
s001341,260.86,2
s001342,186.69,3
s001343,244.25,3
s001344,140.14,2
s001345,130.02,2
s001346,496.81,4
s001347,50.5,1
s001348,62.39,1
s001349,61.83,1
s001350,160.08,2
s001351,83.32,1
s001352,92.64,2
s001353,109.53,2
s001354,127.54,2
s001355,94.19,1
s001356,73.74,1
s001357,198.72,3
s001358,236.36,3
s001359,0.0,0
s001360,213.19,2
s001361,331.13,3
s001362,265.58,3
s001363,147.25,1
s001364,296.73,5
s001365,120.3,1
s001366,157.65,2
s001367,174.13,1
s001368,54.66,1
s001369,102.4,1
s001370,97.62,1
s001371,95.11,2
s001372,494.06,4
s001373,115.58,1
s001374,184.09,3
s001375,40.42,1
s001376,161.33,2
s001377,276.96,4
s001378,100.89,2
s001379,64.38,1
s001380,48.26,1
s001381,229.7,3
s001382,79.59,1
s001383,76.64,1
s001384,80.65,1
s001385,344.12,4
s001386,0.0,0
s001387,121.76,2
s001388,131.07,2
s001389,62.84,1
s001390,303.96,4
s001391,0.0,0
s001392,180.06,1
s001393,364.49,5
s001394,83.6,1
s001395,124.99,2
s001396,110.71,2
s001397,442.52,3
s001398,41.03,1
s001399,174.44,2
s001400,0.0,0
s001401,0.0,0
s001402,88.16,1
s001403,124.59,2
s001404,216.85,3
s001405,233.36,3
s001406,339.02,4
s001407,0.0,0
s001408,140.4,2
s001409,177.9,2
s001410,0.0,0
s001411,84.67,1
s001412,332.86,4
s001413,158.45,3
s001414,141.88,2
s001415,105.09,1
s001416,381.82,5
s001417,0.0,0
s001418,55.01,1
s001419,107.01,2
s001420,0.0,0
s001421,287.66,3
s001422,75.72,1
s001423,65.93,1
s001424,281.3,4
s001425,125.62,2
s001426,0.0,0
s001427,162.84,3
s001428,126.74,2
s001429,48.25,1
s001430,367.22,4
s001431,613.68,5
s001432,298.05,5
s001433,38.93,1
s001434,184.18,2
s001435,124.0,2
s001436,54.9,1
s001437,88.19,1
s001438,122.64,2
s001439,77.3,1
s001440,109.49,2
s001441,0.0,0
s001442,43.9,1
s001443,81.31,1
s001444,84.2,1
s001445,44.82,1
s001446,0.0,0
s001447,151.77,2
s001448,85.04,1
s001449,224.81,2
s001450,108.71,2
s001451,299.89,4
s001452,0.0,0
s001453,419.22,3
s001454,120.56,2
s001455,0.0,0
s001456,40.37,1
s001457,0.0,0
s001458,316.58,3
s001459,294.41,4
s001460,56.26,1
s001461,0.0,0
s001462,0.0,0
s001463,152.4,1
s001464,57.39,1
s001465,177.35,2
s001466,0.0,0
s001467,192.31,3
s001468,61.52,1
s001469,197.36,3
s001470,213.97,3
s001471,104.56,1
s001472,51.78,1
s001473,164.66,2
s001474,73.66,2
s001475,115.87,1
s001476,228.84,3
s001477,59.65,1
s001478,0.0,0
s001479,182.22,2
s001480,340.92,4
s001481,114.54,2
s001482,280.94,3
s001483,116.66,2
s001484,0.0,0
s001485,139.35,2
s001486,90.35,1
s001487,492.42,5
s001488,220.28,3
s001489,0.0,0
s001490,158.13,2
s001491,326.92,3
s001492,164.08,2
s001493,252.66,3
s001494,0.0,0
s001495,144.17,1
s001496,43.2,1
s001497,24.15,1
s001498,419.22,4
s001499,154.35,2
s001500,90.89,1
s001501,302.68,4
s001502,0.0,0
s001503,153.22,2
s001504,112.65,2
s001505,129.61,1
s001506,235.38,3
s001507,77.33,2
s001508,412.72,4
s001509,513.0,6
s001510,252.69,4
s001511,43.32,1
s001512,124.51,2
s001513,127.29,2
s001514,66.8,1
s001515,74.69,1
s001516,59.83,1
s001517,0.0,0
s001518,207.22,2
s001519,130.02,2
s001520,82.09,1
s001521,295.54,2
s001522,0.0,0
s001523,234.08,3
s001524,94.93,1
s001525,212.79,2
s001526,317.66,4
s001527,37.2,1
s001528,102.36,1
s001529,0.0,0
s001530,219.71,3
s001531,0.0,0
s001532,133.83,2
s001533,183.65,3
s001534,114.4,1
s001535,140.3,3
s001536,62.94,1
s001537,155.0,2
s001538,45.84,1
s001539,112.97,2
s001540,425.88,3
s001541,384.74,4
s001542,227.93,3
s001543,0.0,0
s001544,163.55,2
s001545,0.0,0
s001546,78.97,2
s001547,236.36,3
s001548,146.27,2
s001549,80.04,1
s001550,694.82,6
s001551,0.0,0
s001552,312.92,4
s001553,206.09,3
s001554,0.0,0
s001555,214.14,2
s001556,373.74,4
s001557,81.66,1
s001558,0.0,0
s001559,161.89,3
s001560,79.54,1
s001561,66.36,1
s001562,167.82,2
s001563,0.0,0
s001564,131.91,2
s001565,68.57,1
s001566,0.0,0
s001567,84.95,1
s001568,174.4,2
s001569,36.97,1
s001570,0.0,0
s001571,303.58,2
s001572,37.33,1
s001573,256.15,2
s001574,139.03,2
s001575,274.81,3
s001576,0.0,0
s001577,82.04,1
s001578,339.64,3
s001579,437.6,4
s001580,61.79,1
s001581,81.71,1
s001582,0.0,0
s001583,0.0,0
s001584,148.79,2
s001585,75.39,2
s001586,65.29,1
s001587,121.84,1
s001588,174.21,1
s001589,281.18,2
s001590,56.98,1
s001591,72.54,1
s001592,340.8,5
s001593,257.0,2
s001594,136.26,2
s001595,48.34,1
s001596,135.86,1
s001597,235.47,2
s001598,480.64,5
s001599,0.0,0
s001600,286.96,2
s001601,56.34,1
s001602,335.58,3
s001603,69.01,1
s001604,338.66,4
s001605,344.38,3
s001606,0.0,0
s001607,164.13,2
s001608,112.57,2
s001609,148.08,2
s001610,131.05,2
s001611,292.99,3
s001612,152.63,2
s001613,194.9,2
s001614,74.25,1
s001615,170.43,2
s001616,192.29,2
s001617,0.0,0
s001618,0.0,0
s001619,168.12,2
s001620,168.77,2
s001621,123.66,2
s001622,71.9,1
s001623,60.56,1
s001624,334.45,4
s001625,281.93,3
s001626,46.65,1
s001627,77.8,1
s001628,210.97,3
s001629,0.0,0
s001630,30.65,1
s001631,241.64,2
s001632,88.07,1
s001633,46.49,1
s001634,0.0,0
s001635,65.43,1
s001636,315.46,3
s001637,271.94,2
s001638,103.52,1
s001639,336.18,4
s001640,91.72,1
s001641,134.39,2
s001642,197.1,3
s001643,109.28,1
s001644,468.12,5
s001645,48.85,1
s001646,45.31,1
s001647,96.31,2
s001648,0.0,0
s001649,281.96,4
s001650,28.21,1
s001651,76.79,1
s001652,341.42,4
s001653,0.0,0
s001654,140.97,2
s001655,146.48,2
s001656,279.53,4
s001657,94.18,1
s001658,227.35,2
s001659,111.89,2
s001660,369.17,3
s001661,0.0,0
s001662,201.27,2
s001663,417.57,3
s001664,153.54,2
s001665,201.56,2
s001666,476.83,4
s001667,343.72,4
s001668,267.97,2
s001669,536.24,6
s001670,73.89,1
s001671,427.97,4
s001672,79.49,1
s001673,69.04,1
s001674,557.58,6
s001675,132.38,2
s001676,113.32,2
s001677,173.25,3
s001678,248.67,4
s001679,0.0,0
s001680,403.15,4
s001681,238.08,3
s001682,0.0,0
s001683,0.0,0
s001684,307.34,3
s001685,230.8,3
s001686,243.4,2
s001687,0.0,0
s001688,94.82,1
s001689,32.59,1
s001690,163.02,2
s001691,186.8,2
s001692,113.23,1
s001693,281.65,3
s001694,130.26,2
s001695,39.73,1
s001696,0.0,0
s001697,214.1,2
s001698,185.47,2
s001699,165.53,3
s001700,113.76,1
s001701,355.66,4
s001702,256.78,3
s001703,171.19,3
s001704,90.44,2
s001705,104.37,1
s001706,234.72,3
s001707,126.38,1
s001708,531.4,5
s001709,95.88,1
s001710,181.68,2
s001711,149.62,2
s001712,82.92,1
s001713,52.37,1
s001714,154.33,2
s001715,0.0,0
s001716,176.37,2
s001717,0.0,0
s001718,53.72,1
s001719,138.34,2
s001720,99.42,1
s001721,0.0,0
s001722,51.64,1
s001723,34.62,1
s001724,139.88,1
s001725,0.0,0
s001726,207.44,2
s001727,148.49,2
s001728,323.41,5
s001729,149.04,2
s001730,0.0,0
s001731,0.0,0
s001732,28.51,1
s001733,442.32,5
s001734,345.06,3
s001735,75.72,1
s001736,0.0,0
s001737,202.75,3
s001738,72.89,1
s001739,177.33,3
s001740,120.33,1
s001741,335.52,4
s001742,163.92,2
s001743,208.87,4
s001744,57.49,1
s001745,84.36,1
s001746,99.8,1
s001747,132.68,2
s001748,0.0,0
s001749,216.4,1
s001750,136.18,2
s001751,225.76,3
s001752,98.02,1
s001753,112.81,1
s001754,223.52,2
s001755,473.23,4
s001756,164.83,2
s001757,355.01,4
s001758,138.77,2
s001759,0.0,0
s001760,143.05,2
s001761,257.16,3
s001762,211.88,3
s001763,0.0,0
s001764,47.43,1
s001765,186.01,2
s001766,160.0,2
s001767,220.66,4
s001768,177.19,3
s001769,0.0,0
s001770,149.96,2
s001771,0.0,0
s001772,74.45,1
s001773,201.0,2
s001774,166.45,1
s001775,127.96,2
s001776,256.03,3
s001777,77.34,1
s001778,226.84,2
s001779,0.0,0
s001780,104.87,2
s001781,73.76,1
s001782,202.85,2
s001783,0.0,0
s001784,255.24,3
s001785,0.0,0
s001786,57.32,1
s001787,33.84,1
s001788,227.53,2
s001789,0.0,0
s001790,0.0,0
s001791,125.48,2
s001792,250.86,3
s001793,0.0,0
s001794,283.53,1
s001795,79.1,2
s001796,54.71,1
s001797,289.09,3
s001798,354.66,3
s001799,40.04,1
s001800,56.24,1
s001801,124.05,2
s001802,116.75,2
s001803,71.77,1
s001804,118.57,2
s001805,166.5,2
s001806,134.98,2
s001807,0.0,0
s001808,152.29,2
s001809,96.34,1
s001810,89.02,1
s001811,441.02,4
s001812,150.48,2
s001813,0.0,0
s001814,66.81,1
s001815,0.0,0
s001816,86.35,1
s001817,69.77,1
s001818,80.17,1
s001819,266.71,3
s001820,0.0,0
s001821,78.12,1
s001822,345.24,3
s001823,316.18,4
s001824,134.59,1
s001825,257.89,3
s001826,290.92,2
s001827,35.54,1
s001828,125.06,2
s001829,121.6,2
s001830,195.22,2
s001831,295.92,3
s001832,86.46,1
s001833,0.0,0
s001834,187.58,2
s001835,197.03,2
s001836,61.82,1
s001837,236.03,3
s001838,256.27,4
s001839,263.93,3
s001840,134.94,2
s001841,78.38,1
s001842,291.05,3
s001843,223.48,3
s001844,317.84,4
s001845,200.43,2
s001846,70.6,1
s001847,111.83,1
s001848,0.0,0
s001849,62.45,1
s001850,180.68,2
s001851,0.0,0
s001852,234.49,3
s001853,290.62,3
s001854,0.0,0
s001855,103.31,2
s001856,0.0,0
s001857,0.0,0
s001858,0.0,0
s001859,165.29,2
s001860,0.0,0
s001861,334.63,4
s001862,427.4,4
s001863,150.64,2
s001864,113.5,2
s001865,106.65,2
s001866,265.77,4
s001867,130.61,2
s001868,113.43,2
s001869,0.0,0
s001870,80.82,1
s001871,238.46,2
s001872,475.9,5
s001873,39.04,1
s001874,119.89,2
s001875,124.64,2
s001876,0.0,0
s001877,128.23,2
s001878,40.4,1
s001879,128.48,1
s001880,163.17,2
s001881,0.0,0
s001882,70.42,1
s001883,119.96,2
s001884,82.63,1
s001885,63.37,1
s001886,133.69,2
s001887,0.0,0
s001888,167.87,2
s001889,193.1,3
s001890,180.58,2
s001891,121.23,2
s001892,256.7,2
s001893,44.64,1
s001894,218.85,2
s001895,31.34,1
s001896,202.62,3
s001897,305.64,3
s001898,211.42,3
s001899,109.45,2
s001900,185.6,2
s001901,44.72,1
s001902,78.7,1
s001903,271.58,3
s001904,70.94,1
s001905,226.31,4
s001906,0.0,0
s001907,0.0,0
s001908,119.79,1
s001909,310.04,3
s001910,56.96,1
s001911,0.0,0
s001912,296.7,3
s001913,448.99,4
s001914,138.33,2
s001915,78.33,1
s001916,184.42,2
s001917,328.9,4
s001918,54.54,1
s001919,176.43,2
s001920,249.01,3
s001921,129.94,2
s001922,136.79,2
s001923,80.05,1
s001924,72.26,1
s001925,128.25,2
s001926,74.81,1
s001927,25.95,1
s001928,57.6,1
s001929,0.0,0
s001930,288.1,3
s001931,74.43,1
s001932,0.0,0
s001933,0.0,0
s001934,103.84,1
s001935,316.68,3
s001936,0.0,0
s001937,329.39,3
s001938,183.62,3
s001939,179.98,2
s001940,77.38,1
s001941,133.52,2
s001942,146.89,2
s001943,229.05,3
s001944,227.0,2
s001945,0.0,0
s001946,593.66,6
s001947,273.98,3
s001948,169.65,2
s001949,83.76,1
s001950,308.4,2
s001951,373.72,3
s001952,441.71,5
s001953,87.65,1
s001954,351.99,3
s001955,82.95,1
s001956,214.99,3
s001957,0.0,0
s001958,119.18,1
s001959,108.78,1
s001960,318.0,3
s001961,59.5,1
s001962,49.04,1
s001963,101.33,2
s001964,0.0,0
s001965,157.05,2
s001966,143.14,2
s001967,132.11,2
s001968,69.68,1
s001969,338.58,4
s001970,73.17,1
s001971,49.32,1
s001972,109.44,2
s001973,0.0,0
s001974,376.79,4
s001975,280.14,4
s001976,236.59,3
s001977,96.85,2
s001978,86.8,1
s001979,387.6,4
s001980,121.84,2
s001981,0.0,0
s001982,49.68,1
s001983,168.6,3
s001984,31.31,1
s001985,232.09,2
s001986,441.89,4
s001987,266.13,2
s001988,0.0,0
s001989,0.0,0
s001990,230.12,3
s001991,257.74,2
s001992,68.42,1
s001993,307.34,4
s001994,73.93,1
s001995,102.52,1
s001996,0.0,0
s001997,265.43,3
s001998,114.33,2
s001999,315.92,3
s002000,199.31,3
s002001,108.12,2
s002002,60.46,1
s002003,119.49,2
s002004,0.0,0
s002005,319.34,4
s002006,54.62,1
s002007,288.68,4
s002008,400.44,5
s002009,212.96,2
s002010,250.87,3
s002011,62.96,1
s002012,286.81,2
s002013,163.36,2
s002014,107.53,1
s002015,151.01,2
s002016,296.5,3
s002017,78.52,1
s002018,149.56,2
s002019,43.37,1
s002020,42.81,1
s002021,147.87,2
s002022,121.14,1
s002023,40.75,1
s002024,271.99,3
s002025,132.19,2
s002026,135.19,2
s002027,261.65,4
s002028,186.03,2
s002029,127.68,2
s002030,291.15,3
s002031,141.26,2
s002032,53.62,1
s002033,194.43,3
s002034,112.27,2
s002035,0.0,0
s002036,0.0,0
s002037,0.0,0
s002038,0.0,0
s002039,41.24,1
s002040,181.06,3
s002041,244.38,3
s002042,0.0,0
s002043,74.53,1
s002044,251.87,3
s002045,351.97,5
s002046,161.61,2
s002047,286.83,2
s002048,92.39,2
s002049,58.26,1
s002050,67.19,1
s002051,170.31,2
s002052,0.0,0
s002053,0.0,0
s002054,358.04,3
s002055,391.78,5
s002056,142.25,2
s002057,155.07,2
s002058,204.59,2
s002059,238.74,3
s002060,69.7,1
s002061,191.96,2
s002062,105.85,2
s002063,88.4,1
s002064,0.0,0
s002065,155.83,1
s002066,45.5,1
s002067,143.39,2
s002068,208.86,2
s002069,279.66,3
s002070,98.6,1
s002071,294.19,3
s002072,366.81,4
s002073,140.69,2
s002074,137.93,2
s002075,301.21,3
s002076,0.0,0
s002077,148.19,1
s002078,139.68,2
s002079,65.44,1
s002080,132.01,2
s002081,358.89,3
s002082,0.0,0
s002083,424.46,4
s002084,118.97,1
s002085,116.47,2
s002086,221.76,3
s002087,272.24,3
s002088,137.29,2
s002089,224.24,3
s002090,177.45,3
s002091,77.92,1
s002092,71.54,1
s002093,88.65,1
s002094,103.34,1
s002095,343.14,3
s002096,186.38,2
s002097,266.31,2
s002098,199.72,2
s002099,286.5,4
s002100,104.8,1
s002101,227.49,3
s002102,158.34,3
s002103,0.0,0
s002104,0.0,0
s002105,60.21,1
s002106,0.0,0
s002107,244.23,3
s002108,70.11,1
s002109,0.0,0
s002110,112.27,2
s002111,490.34,5
s002112,328.16,3
s002113,60.8,1
s002114,266.59,3
s002115,57.76,1
s002116,142.62,2
s002117,83.05,1
s002118,236.86,2
s002119,85.78,1
s002120,167.8,2
s002121,0.0,0
s002122,199.77,2
s002123,0.0,0
s002124,75.93,1
s002125,68.37,1
s002126,108.78,2
s002127,61.19,1
s002128,225.63,3
s002129,0.0,0
s002130,61.25,1
s002131,203.56,2
s002132,99.98,1
s002133,0.0,0
s002134,206.14,3
s002135,453.64,5
s002136,82.99,1
s002137,92.65,1
s002138,451.61,5
s002139,239.03,3
s002140,180.83,2
s002141,149.76,2
s002142,534.67,5
s002143,100.72,1
s002144,438.88,4
s002145,158.09,3
s002146,59.49,1
s002147,96.61,1
s002148,0.0,0
s002149,288.09,4
s002150,132.05,2
s002151,0.0,0
s002152,31.4,1
s002153,82.64,1
s002154,181.54,2
s002155,0.0,0
s002156,79.2,2
s002157,454.13,5
s002158,297.27,2
s002159,56.89,1
s002160,185.09,2
s002161,135.28,2
s002162,57.65,1
s002163,50.96,1
s002164,374.69,5
s002165,93.91,1
s002166,423.55,4
s002167,111.11,2
s002168,112.95,2
s002169,111.78,2
s002170,77.98,1
s002171,66.13,1
s002172,195.07,2
s002173,121.25,2
s002174,268.78,4
s002175,116.02,2
s002176,98.85,2
s002177,81.81,2
s002178,284.13,3
s002179,76.49,1
s002180,138.62,2
s002181,51.85,1
s002182,0.0,0
s002183,52.3,1
s002184,154.35,2
s002185,82.63,1
s002186,182.68,2
s002187,277.4,3
s002188,83.15,1
s002189,144.19,1
s002190,0.0,0
s002191,72.54,1
s002192,152.73,2
s002193,191.82,3
s002194,97.63,2
s002195,62.26,1
s002196,150.35,2
s002197,387.92,3
s002198,269.74,3
s002199,246.52,3
s002200,148.72,2
s002201,60.43,1
s002202,56.8,1
s002203,53.74,1
s002204,119.4,2
s002205,91.92,1
s002206,261.73,3
s002207,350.38,4
s002208,39.19,1
s002209,48.1,1
s002210,187.84,2
s002211,59.56,1
s002212,147.04,2
s002213,340.06,3
s002214,220.98,3
s002215,217.26,3
s002216,69.62,1
s002217,0.0,0
s002218,0.0,0
s002219,51.76,1
s002220,110.78,1
s002221,105.71,1
s002222,163.15,2
s002223,158.05,2
s002224,70.62,1
s002225,339.72,4
s002226,149.75,2
s002227,85.49,1
s002228,315.43,4
s002229,70.75,1
s002230,0.0,0
s002231,0.0,0
s002232,260.09,3
s002233,182.54,2
s002234,0.0,0
s002235,173.56,2
s002236,0.0,0
s002237,106.0,2
s002238,0.0,0
s002239,0.0,0
s002240,94.89,1
s002241,115.15,2
s002242,142.85,2
s002243,0.0,0
s002244,101.52,1
s002245,158.19,2
s002246,133.87,1
s002247,120.26,2
s002248,489.96,5
s002249,285.88,3
s002250,84.88,2
s002251,317.28,3
s002252,0.0,0
s002253,235.29,3
s002254,162.06,2
s002255,207.78,3
s002256,123.48,2
s002257,256.77,4
s002258,0.0,0
s002259,167.22,2
s002260,351.27,3
s002261,140.68,2
s002262,0.0,0
s002263,181.04,2
s002264,65.67,1
s002265,229.08,3
s002266,163.55,2
s002267,146.79,2
s002268,0.0,0
s002269,162.36,1
s002270,66.68,1
s002271,214.52,2
s002272,38.01,1
s002273,0.0,0
s002274,244.3,2
s002275,108.76,2
s002276,344.82,4
s002277,0.0,0
s002278,435.45,5
s002279,0.0,0
s002280,284.97,3
s002281,0.0,0
s002282,111.63,1
s002283,54.75,1
s002284,192.32,2
s002285,77.38,1
s002286,72.32,1
s002287,230.31,2
s002288,37.12,1
s002289,91.47,1
s002290,92.25,1
s002291,144.81,2
s002292,96.83,1
s002293,176.7,2
s002294,142.67,2
s002295,191.39,2
s002296,259.01,3
s002297,603.4,6
s002298,557.69,5
s002299,87.56,1
s002300,43.06,1
s002301,126.14,1
s002302,126.62,2
s002303,153.29,2
s002304,398.28,4
s002305,0.0,0
s002306,37.34,1
s002307,248.68,3
s002308,163.87,2
s002309,195.64,3
s002310,122.23,2
s002311,230.74,2
s002312,0.0,0
s002313,248.1,3
s002314,69.77,1
s002315,202.5,2
s002316,42.39,1
s002317,52.05,1
s002318,47.17,1
s002319,63.99,1
s002320,75.32,1
s002321,103.67,1
s002322,66.26,1
s002323,192.88,3
s002324,89.67,1
s002325,0.0,0
s002326,427.77,5
s002327,333.88,4
s002328,0.0,0
s002329,65.42,2
s002330,55.38,1
s002331,73.2,1
s002332,0.0,0
s002333,54.05,1
s002334,166.72,2
s002335,277.26,3
s002336,0.0,0
s002337,158.85,2
s002338,123.58,2
s002339,263.95,3
s002340,87.19,2
s002341,0.0,0
s002342,155.58,2
s002343,50.37,1
s002344,181.85,2
s002345,330.73,4
s002346,199.56,3
s002347,0.0,0
s002348,219.94,2
s002349,90.93,1
s002350,129.91,2
s002351,171.45,3
s002352,282.01,3
s002353,71.93,1
s002354,83.65,1
s002355,97.44,1
s002356,165.79,2
s002357,111.98,2
s002358,242.14,3
s002359,0.0,0
s002360,40.96,1
s002361,209.57,3
s002362,591.08,6
s002363,330.37,3
s002364,314.47,3
s002365,283.69,3
s002366,74.71,2
s002367,0.0,0
s002368,0.0,0
s002369,54.37,1
s002370,54.22,1
s002371,247.86,4
s002372,110.95,1
s002373,0.0,0
s002374,38.29,1
s002375,200.66,3
s002376,0.0,0
s002377,77.13,1
s002378,0.0,0
s002379,245.67,2
s002380,276.16,3
s002381,96.32,1
s002382,617.63,6
s002383,186.93,2
s002384,319.91,3
s002385,46.46,1
s002386,73.57,1
s002387,210.64,3
s002388,39.07,1
s002389,76.43,1
s002390,55.88,1
s002391,133.53,3
s002392,165.32,2
s002393,184.92,2
s002394,80.77,1
s002395,83.34,1
s002396,498.73,5
s002397,84.55,1
s002398,302.81,3
s002399,25.53,1
s002400,60.8,1
s002401,163.41,2
s002402,305.15,4
s002403,213.42,2
s002404,177.37,2
s002405,157.18,2
s002406,81.42,1
s002407,97.75,1
s002408,0.0,0
s002409,0.0,0
s002410,0.0,0
s002411,0.0,0
s002412,224.85,3
s002413,118.86,2
s002414,323.22,3
s002415,175.67,2
s002416,73.32,1
s002417,104.13,1
s002418,42.3,1
s002419,106.71,2
s002420,87.47,1
s002421,106.98,2
s002422,151.69,2
s002423,524.85,6
s002424,34.01,1
s002425,129.94,1
s002426,179.81,2
s002427,53.51,1
s002428,148.94,2
s002429,126.63,2
s002430,183.28,2
s002431,126.25,2
s002432,97.71,1
s002433,162.55,2
s002434,85.98,1
s002435,256.39,3
s002436,120.26,2
s002437,223.14,3
s002438,383.52,4
s002439,313.48,4
s002440,212.4,3
s002441,143.36,2
s002442,258.65,3
s002443,0.0,0
s002444,0.0,0
s002445,135.64,2
s002446,279.25,3
s002447,0.0,0
s002448,43.31,1
s002449,205.1,3
s002450,223.98,2
s002451,0.0,0
s002452,333.67,2
s002453,259.0,3
s002454,210.33,2
s002455,183.59,3
s002456,203.64,3
s002457,285.75,3
s002458,67.32,1
s002459,0.0,0
s002460,270.64,3
s002461,90.93,1
s002462,170.95,2
s002463,434.86,5
s002464,86.42,2
s002465,50.71,1
s002466,108.27,2
s002467,0.0,0
s002468,112.82,2
s002469,0.0,0
s002470,74.29,1
s002471,593.66,6
s002472,0.0,0
s002473,0.0,0
s002474,193.87,1
s002475,76.17,1
s002476,279.22,3
s002477,291.32,3
s002478,70.79,1
s002479,105.17,1
s002480,299.48,3
s002481,663.81,6
s002482,0.0,0
s002483,366.21,5
s002484,71.22,1
s002485,40.66,1
s002486,59.25,1
s002487,0.0,0
s002488,96.46,2
s002489,92.56,1
s002490,381.7,4
s002491,124.25,2
s002492,63.05,1
s002493,75.31,1
s002494,0.0,0
s002495,233.16,2
s002496,221.59,2
s002497,66.41,1
s002498,367.75,5
s002499,78.96,1
s002500,66.97,1
s002501,0.0,0
s002502,170.8,2
s002503,67.56,1
s002504,282.5,4
s002505,135.36,1
s002506,243.36,2
s002507,67.41,1
s002508,645.05,6
s002509,186.44,2
s002510,322.85,4
s002511,100.23,1
s002512,90.59,1
s002513,175.79,2
s002514,74.72,1
s002515,0.0,0
s002516,0.0,0
s002517,93.1,1
s002518,0.0,0
s002519,0.0,0
s002520,125.47,2
s002521,257.35,3
s002522,51.32,1
s002523,43.55,1
s002524,137.3,2
s002525,116.51,1
s002526,0.0,0
s002527,275.12,4
s002528,82.93,2
s002529,0.0,0
s002530,67.4,1
s002531,202.88,2
s002532,81.57,1
s002533,0.0,0
s002534,0.0,0
s002535,411.92,4
s002536,60.58,1
s002537,207.42,2
s002538,263.06,2
s002539,239.51,3
s002540,110.19,1
s002541,99.46,1
s002542,293.4,3
s002543,61.38,2
s002544,263.25,3
s002545,180.01,2
s002546,305.91,2
s002547,272.74,3
s002548,151.32,2
s002549,150.4,1
s002550,152.53,2
s002551,122.25,1
s002552,432.63,4
s002553,83.93,1
s002554,196.72,2
s002555,90.82,1
s002556,278.75,3
s002557,54.03,1
s002558,260.02,2
s002559,74.22,2
s002560,63.48,1
s002561,0.0,0
s002562,0.0,0
s002563,139.92,2
s002564,142.72,2
s002565,112.28,2
s002566,416.46,4
s002567,0.0,0
s002568,65.52,1
s002569,133.03,2
s002570,249.65,3
s002571,236.15,3
s002572,52.78,1
s002573,0.0,0
s002574,276.19,3
s002575,185.64,2
s002576,38.53,1
s002577,276.82,2
s002578,255.32,3
s002579,0.0,0
s002580,225.79,3
s002581,84.43,1
s002582,150.87,2
s002583,88.64,1
s002584,239.52,3
s002585,220.23,2
s002586,177.74,1
s002587,0.0,0
s002588,73.34,1
s002589,0.0,0
s002590,137.55,1
s002591,0.0,0
s002592,153.26,2
s002593,228.17,2
s002594,59.95,1
s002595,228.53,3
s002596,159.1,2
s002597,401.63,3
s002598,0.0,0
s002599,260.03,3
s002600,96.21,1
s002601,237.69,2
s002602,317.85,4
s002603,164.35,2
s002604,59.96,1
s002605,167.13,2
s002606,75.66,1
s002607,55.39,1
s002608,414.91,5
s002609,36.89,1
s002610,504.81,4
s002611,0.0,0
s002612,351.98,2
s002613,63.8,1
s002614,211.99,4
s002615,0.0,0
s002616,0.0,0
s002617,377.71,4
s002618,241.77,3
s002619,81.53,1
s002620,149.21,2
s002621,83.23,1
s002622,302.38,4
s002623,199.52,3
s002624,149.83,2
s002625,94.59,1
s002626,229.42,3
s002627,241.02,2
s002628,163.55,2
s002629,538.37,6
s002630,47.91,1
s002631,299.79,3
s002632,270.03,3
s002633,0.0,0
s002634,63.16,1
s002635,100.43,2
s002636,147.17,2
s002637,117.78,1
s002638,72.83,1
s002639,40.27,1
s002640,92.15,1
s002641,255.85,3
s002642,0.0,0
s002643,77.59,1
s002644,478.4,4
s002645,60.65,1
s002646,98.88,1
s002647,122.55,3
s002648,79.57,1
s002649,509.38,5
s002650,153.5,2
s002651,92.55,1
s002652,138.07,1
s002653,104.52,1
s002654,76.03,1
s002655,122.73,2
s002656,119.45,1
s002657,180.97,2
s002658,81.84,1
s002659,223.05,3
s002660,69.74,1
s002661,0.0,0
s002662,339.46,4
s002663,173.79,2
s002664,237.9,2
s002665,96.31,2
s002666,45.45,1
s002667,80.3,1
s002668,77.83,1
s002669,0.0,0
s002670,393.54,3
s002671,93.68,1
s002672,44.67,1
s002673,332.0,4
s002674,106.24,1
s002675,62.62,1
s002676,159.42,2
s002677,52.87,1
s002678,523.86,5
s002679,0.0,0
s002680,68.04,1
s002681,167.65,2
s002682,190.43,2
s002683,217.1,1
s002684,311.48,2
s002685,257.79,4
s002686,0.0,0
s002687,211.7,3
s002688,83.03,1
s002689,382.14,4
s002690,134.04,2
s002691,167.59,3
s002692,381.39,4
s002693,136.35,2
s002694,78.5,1
s002695,122.09,2
s002696,0.0,0
s002697,67.1,1
s002698,109.32,1
s002699,98.79,2
s002700,178.8,2
s002701,67.87,1
s002702,59.88,1
s002703,74.17,1
s002704,126.14,2
s002705,107.6,2
s002706,537.19,6
s002707,70.24,1
s002708,0.0,0
s002709,130.32,2
s002710,282.25,4
s002711,134.48,1
s002712,174.84,2
s002713,71.62,1
s002714,74.08,1
s002715,54.16,1
s002716,288.66,3
s002717,355.58,4
s002718,286.72,4
s002719,61.2,1
s002720,117.39,2
s002721,139.79,1
s002722,94.41,1
s002723,418.05,4
s002724,59.63,1
s002725,78.95,1
s002726,0.0,0
s002727,248.6,3
s002728,0.0,0
s002729,383.45,4
s002730,84.56,1
s002731,159.7,2
s002732,109.19,1
s002733,190.99,3
s002734,153.34,2
s002735,0.0,0
s002736,289.9,4
s002737,264.97,3
s002738,84.99,1
s002739,55.93,1
s002740,72.63,1
s002741,0.0,0
s002742,572.02,6
s002743,325.73,3
s002744,174.01,1
s002745,0.0,0
s002746,323.84,3
s002747,137.16,2
s002748,0.0,0
s002749,0.0,0
s002750,69.5,1
s002751,45.73,1
s002752,225.78,3
s002753,117.22,2
s002754,283.39,3
s002755,115.81,2
s002756,76.36,1
s002757,108.64,1
s002758,99.78,2
s002759,140.88,2
s002760,453.57,4
s002761,403.24,4
s002762,0.0,0
s002763,471.18,5
s002764,0.0,0
s002765,199.71,2
s002766,57.13,1
s002767,0.0,0
s002768,0.0,0
s002769,76.86,1
s002770,94.62,1
s002771,194.56,2
s002772,198.99,2
s002773,67.29,1
s002774,0.0,0
s002775,432.49,4
s002776,198.54,3
s002777,57.04,1
s002778,120.93,2
s002779,256.53,3
s002780,115.49,2
s002781,289.88,4
s002782,207.61,3
s002783,0.0,0
s002784,262.61,2
s002785,210.96,2
s002786,86.31,1
s002787,79.85,1
s002788,187.35,3
s002789,160.06,2
s002790,281.21,4
s002791,0.0,0
s002792,0.0,0
s002793,342.79,5
s002794,114.28,2
s002795,160.25,2
s002796,282.25,4
s002797,75.32,1
s002798,144.36,2
s002799,57.32,1
s002800,166.95,1
s002801,246.58,3
s002802,79.56,1
s002803,181.95,2
s002804,269.32,2
s002805,237.61,3
s002806,235.23,3
s002807,85.4,1
s002808,142.95,2
s002809,102.12,1
s002810,321.9,3
s002811,0.0,0
s002812,368.89,5
s002813,180.5,1
s002814,415.85,5
s002815,0.0,0
s002816,229.89,3
s002817,72.19,1
s002818,58.84,1
s002819,526.3,6
s002820,55.38,1
s002821,0.0,0
s002822,0.0,0
s002823,254.57,4
s002824,193.39,2
s002825,221.49,2
s002826,114.52,1
s002827,132.31,1
s002828,226.41,3
s002829,0.0,0
s002830,420.99,5
s002831,192.77,2
s002832,0.0,0
s002833,45.35,1
s002834,76.47,1
s002835,146.45,2
s002836,128.52,2
s002837,78.62,1
s002838,111.32,1
s002839,401.39,4
s002840,119.07,1
s002841,85.08,1
s002842,108.66,2
s002843,200.87,3
s002844,203.02,2
s002845,38.58,1
s002846,152.6,1
s002847,111.36,2
s002848,125.31,2
s002849,164.73,2
s002850,0.0,0
s002851,130.86,2
s002852,369.22,3
s002853,84.57,1
s002854,136.98,2
s002855,182.16,2
s002856,143.09,2
s002857,248.01,3
s002858,0.0,0
s002859,290.87,3
s002860,104.84,2
s002861,0.0,0
s002862,315.25,5
s002863,0.0,0
s002864,56.44,1
s002865,178.21,2
s002866,152.04,2
s002867,0.0,0
s002868,59.09,1
s002869,116.81,2
s002870,327.41,3
s002871,73.49,1
s002872,65.14,1
s002873,70.82,1
s002874,153.58,2
s002875,0.0,0
s002876,84.95,1
s002877,46.11,1
s002878,215.78,1
s002879,310.45,3
s002880,118.33,2
s002881,441.89,5
s002882,114.09,1
s002883,71.49,1
s002884,168.94,2
s002885,429.62,5
s002886,85.01,1
s002887,201.0,2
s002888,72.26,2
s002889,47.88,1
s002890,0.0,0
s002891,0.0,0
s002892,0.0,0
s002893,126.83,2
s002894,85.09,1
s002895,55.66,1
s002896,130.89,1
s002897,42.87,1
s002898,226.39,2
s002899,79.96,1
s002900,141.76,2
s002901,49.31,1
s002902,195.15,2
s002903,239.92,2
s002904,70.3,1
s002905,253.33,2
s002906,49.15,1
s002907,71.09,1
s002908,200.11,3
s002909,89.27,2
s002910,145.48,1
s002911,54.07,1
s002912,319.07,5
s002913,39.45,1
s002914,0.0,0
s002915,0.0,0
s002916,177.44,2
s002917,0.0,0
s002918,78.83,1
s002919,105.98,1
s002920,243.29,2
s002921,58.5,1
s002922,0.0,0
s002923,192.34,3
s002924,206.83,3
s002925,79.15,1
s002926,70.98,1
s002927,239.63,3
s002928,117.85,2
s002929,116.86,2
s002930,47.8,1
s002931,0.0,0
s002932,79.45,1
s002933,73.78,1
s002934,207.64,1
s002935,0.0,0
s002936,0.0,0
s002937,54.4,1
s002938,48.59,1
s002939,76.26,1
s002940,109.21,1
s002941,79.13,1
s002942,121.64,2
s002943,0.0,0
s002944,209.96,3
s002945,210.86,2
s002946,365.28,4
s002947,479.58,5
s002948,148.11,2
s002949,196.93,2
s002950,460.7,5
s002951,99.78,1
s002952,195.0,3
s002953,49.02,1
s002954,0.0,0
s002955,0.0,0
s002956,118.86,2
s002957,0.0,0
s002958,0.0,0
s002959,148.74,2
s002960,0.0,0
s002961,151.87,2
s002962,0.0,0
s002963,282.12,3
s002964,74.95,1
s002965,0.0,0
s002966,83.39,1
s002967,0.0,0
s002968,514.42,6
s002969,207.35,2
s002970,195.12,2
s002971,160.84,1
s002972,342.77,4
s002973,0.0,0
s002974,150.91,2
s002975,127.23,2
s002976,115.25,1
s002977,110.04,2
s002978,0.0,0
s002979,179.41,2
s002980,160.6,2
s002981,230.03,3
s002982,109.82,1
s002983,297.05,3
s002984,28.63,1
s002985,193.05,2
s002986,93.07,2
s002987,196.86,2
s002988,263.49,3
s002989,119.36,2
s002990,196.73,2
s002991,76.23,2
s002992,207.52,2
s002993,486.64,5
s002994,29.84,1
s002995,0.0,0
s002996,161.37,2
s002997,427.76,3
s002998,226.04,3
s002999,258.39,4
s003000,275.6,3
s003001,174.57,2
s003002,0.0,0
s003003,305.45,3
s003004,165.64,2
s003005,133.07,2
s003006,0.0,0
s003007,159.45,3
s003008,135.15,2
s003009,106.84,1
s003010,124.87,1
s003011,98.01,1
s003012,174.3,2
s003013,220.14,2
s003014,0.0,0
s003015,0.0,0
s003016,60.27,1
s003017,0.0,0
s003018,0.0,0
s003019,109.23,2
s003020,328.72,4
s003021,435.5,3
s003022,118.62,2
s003023,142.8,2
s003024,180.96,3
s003025,156.16,2
s003026,94.48,1
s003027,73.0,1
s003028,57.18,1
s003029,0.0,0
s003030,86.94,1
s003031,0.0,0
s003032,0.0,0
s003033,62.56,1
s003034,96.48,1
s003035,125.51,2
s003036,131.44,2
s003037,149.99,2
s003038,0.0,0
s003039,96.21,1
s003040,168.47,2
s003041,0.0,0
s003042,88.46,1
s003043,111.0,2
s003044,0.0,0
s003045,35.43,1
s003046,90.67,1
s003047,0.0,0
s003048,0.0,0
s003049,312.54,3
s003050,0.0,0
s003051,217.34,2
s003052,107.68,2
s003053,26.87,1
s003054,43.0,1
s003055,207.46,3
s003056,62.32,1
s003057,194.76,3
s003058,99.27,2
s003059,257.1,3
s003060,424.5,4
s003061,0.0,0
s003062,60.84,1
s003063,150.6,2
s003064,196.06,2
s003065,51.95,1
s003066,222.07,3
s003067,77.3,1
s003068,115.86,2
s003069,304.28,3
s003070,184.76,2
s003071,56.46,1
s003072,228.08,2
s003073,0.0,0
s003074,167.49,2
s003075,144.05,2
s003076,0.0,0
s003077,160.11,2
s003078,81.58,1
s003079,272.92,4
s003080,192.76,2
s003081,251.83,3
s003082,243.0,3
s003083,114.89,1
s003084,110.57,2
s003085,33.02,1
s003086,228.13,3
s003087,283.35,3
s003088,69.93,1
s003089,402.49,4
s003090,0.0,0
s003091,55.25,1
s003092,79.43,1
s003093,423.23,3
s003094,300.45,3
s003095,222.92,2
s003096,0.0,0
s003097,180.64,2
s003098,215.72,2
s003099,46.26,1
s003100,33.61,1
s003101,287.71,3
s003102,85.26,1
s003103,161.0,2
s003104,142.97,1
s003105,314.57,4
s003106,55.58,1
s003107,186.45,2
s003108,565.4,5
s003109,237.27,3
s003110,247.83,3
s003111,541.09,5
s003112,73.16,1
s003113,0.0,0
s003114,158.01,2
s003115,0.0,0
s003116,236.75,3
s003117,50.29,1
s003118,281.56,3
s003119,121.16,2
s003120,307.36,3
s003121,120.86,2
s003122,180.55,2
s003123,0.0,0
s003124,124.37,2
s003125,97.58,2
s003126,116.51,2
s003127,105.82,1
s003128,68.21,1
s003129,399.61,4
s003130,0.0,0
s003131,88.35,1
s003132,177.74,3
s003133,0.0,0
s003134,50.4,1
s003135,0.0,0
s003136,374.54,5
s003137,314.01,2
s003138,0.0,0
s003139,203.0,2
s003140,217.33,3
s003141,86.63,1
s003142,385.89,3
s003143,0.0,0
s003144,40.36,1
s003145,76.47,1
s003146,157.4,2
s003147,139.83,2
s003148,205.91,2
s003149,0.0,0
s003150,81.48,1
s003151,63.15,1
s003152,233.71,3
s003153,163.09,2
s003154,158.84,2
s003155,0.0,0
s003156,0.0,0
s003157,0.0,0
s003158,192.19,3
s003159,148.17,2
s003160,83.67,1
s003161,86.55,1
s003162,0.0,0
s003163,102.8,2
s003164,93.83,1
s003165,47.23,1
s003166,117.62,2
s003167,204.66,2
s003168,177.34,3
s003169,317.89,3
s003170,59.97,1
s003171,0.0,0
s003172,0.0,0
s003173,317.13,3
s003174,40.34,1
s003175,0.0,0
s003176,217.19,2
s003177,74.28,1
s003178,98.53,1
s003179,183.32,1
s003180,130.94,1
s003181,0.0,0
s003182,0.0,0
s003183,182.27,2
s003184,175.62,3
s003185,0.0,0
s003186,240.39,2
s003187,99.66,2
s003188,153.76,2
s003189,0.0,0
s003190,129.64,2
s003191,117.43,2
s003192,0.0,0
s003193,107.71,1
s003194,104.61,1
s003195,177.83,2
s003196,128.87,2
s003197,242.55,4
s003198,407.14,4
s003199,65.61,1
s003200,129.56,2
s003201,0.0,0
s003202,474.47,6
s003203,477.97,5
s003204,115.28,2
s003205,0.0,0
s003206,138.12,2
s003207,0.0,0
s003208,240.82,2
s003209,278.07,3
s003210,66.94,1
s003211,72.74,1
s003212,99.9,2
s003213,105.48,2
s003214,164.1,2
s003215,76.0,1
s003216,41.17,1
s003217,194.79,2
s003218,55.68,1
s003219,238.01,3
s003220,36.76,1
s003221,110.11,1
s003222,79.09,1
s003223,63.96,1
s003224,76.8,1
s003225,62.14,1
s003226,143.12,1
s003227,77.26,1
s003228,602.54,6
s003229,53.1,1
s003230,355.39,4
s003231,360.27,4
s003232,163.06,2
s003233,0.0,0
s003234,240.95,3
s003235,202.26,2
s003236,98.77,2
s003237,208.55,3
s003238,81.97,1
s003239,151.7,2
s003240,149.19,2
s003241,342.57,4
s003242,0.0,0
s003243,302.42,4
s003244,144.6,2
s003245,63.17,1
s003246,263.59,3
s003247,123.69,2
s003248,0.0,0
s003249,152.99,2
s003250,125.32,2
s003251,88.69,1
s003252,68.35,1
s003253,182.62,2
s003254,146.52,2
s003255,0.0,0
s003256,78.44,1
s003257,0.0,0
s003258,44.37,1
s003259,417.63,4
s003260,141.94,2
s003261,121.69,1
s003262,130.3,2
s003263,102.9,1
s003264,68.74,1
s003265,198.68,3
s003266,118.1,2
s003267,0.0,0
s003268,40.69,1
s003269,138.23,2
s003270,144.15,2
s003271,0.0,0
s003272,69.61,1
s003273,311.7,3
s003274,194.57,1
s003275,0.0,0
s003276,66.18,1
s003277,216.98,2
s003278,17.05,1
s003279,0.0,0
s003280,0.0,0
s003281,58.2,1
s003282,204.45,2
s003283,50.91,1
s003284,431.07,3
s003285,155.76,3
s003286,84.53,1
s003287,51.29,1
s003288,0.0,0
s003289,61.99,1
s003290,176.96,2
s003291,249.09,3
s003292,228.58,2
s003293,160.97,2
s003294,47.73,1
s003295,0.0,0
s003296,218.53,2
s003297,57.61,1
s003298,0.0,0
s003299,0.0,0
s003300,0.0,0
s003301,497.59,4
s003302,0.0,0
s003303,215.13,3
s003304,146.23,2
s003305,443.57,4
s003306,280.64,4
s003307,379.75,4
s003308,0.0,0
s003309,95.37,1
s003310,88.45,2
s003311,194.33,3
s003312,103.48,1
s003313,282.74,3
s003314,186.11,3
s003315,386.2,3
s003316,312.5,3
s003317,0.0,0
s003318,39.5,1
s003319,0.0,0
s003320,0.0,0
s003321,0.0,0
s003322,46.43,1
s003323,201.1,3
s003324,77.59,1
s003325,58.41,1
s003326,43.58,1
s003327,55.75,1
s003328,29.71,1
s003329,151.03,2
s003330,140.52,2
s003331,0.0,0
s003332,88.59,2
s003333,115.46,1
s003334,201.36,2
s003335,47.12,1
s003336,82.5,1
s003337,170.83,3
s003338,287.67,3
s003339,112.49,1
s003340,76.33,1
s003341,91.64,1
s003342,284.29,3
s003343,253.7,3
s003344,115.41,1
s003345,160.68,2
s003346,214.7,2
s003347,123.67,1
s003348,326.73,3
s003349,0.0,0
s003350,62.41,1
s003351,0.0,0
s003352,108.88,1
s003353,41.15,1
s003354,297.82,3
s003355,0.0,0
s003356,143.28,2
s003357,164.72,2
s003358,201.52,3
s003359,70.89,1
s003360,131.2,1
s003361,138.95,2
s003362,0.0,0
s003363,163.11,2
s003364,526.8,6
s003365,96.16,1
s003366,121.94,2
s003367,162.56,2
s003368,106.03,2
s003369,103.95,2
s003370,123.27,2
s003371,370.42,4
s003372,247.24,2
s003373,0.0,0
s003374,0.0,0
s003375,365.44,5
s003376,141.85,1
s003377,59.08,1
s003378,42.23,1
s003379,0.0,0
s003380,236.23,2
s003381,94.04,1
s003382,301.46,3
s003383,44.48,1
s003384,193.47,2
s003385,58.95,1
s003386,57.6,1
s003387,46.24,1
s003388,143.72,2
s003389,525.33,5
s003390,298.27,4
s003391,109.59,1
s003392,302.25,4
s003393,238.54,3
s003394,141.44,2
s003395,216.38,2
s003396,202.43,3
s003397,211.24,2
s003398,65.65,1
s003399,430.65,4
s003400,114.32,2
s003401,290.89,3
s003402,0.0,0
s003403,52.55,1
s003404,220.91,2
s003405,0.0,0
s003406,325.62,3
s003407,283.27,3
s003408,52.56,1
s003409,213.07,3
s003410,64.19,1
s003411,80.41,1
s003412,295.77,3
s003413,238.94,2
s003414,63.83,1
s003415,111.6,1
s003416,272.65,3
s003417,255.0,2
s003418,97.02,1
s003419,194.17,2
s003420,92.8,1
s003421,168.3,2
s003422,0.0,0
s003423,127.23,2
s003424,52.69,1
s003425,396.31,4
s003426,38.24,1
s003427,127.31,2
s003428,0.0,0
s003429,259.77,3
s003430,86.01,1
s003431,249.55,2
s003432,163.08,3
s003433,246.87,2
s003434,63.52,1
s003435,187.26,3
s003436,230.6,2
s003437,184.75,2
s003438,0.0,0
s003439,183.83,3
s003440,61.64,1
s003441,65.65,1
s003442,75.65,1
s003443,728.93,7
s003444,127.47,1
s003445,267.31,2
s003446,209.16,2
s003447,96.49,2
s003448,51.36,1
s003449,107.53,2
s003450,132.01,2
s003451,69.5,1
s003452,0.0,0
s003453,823.42,6
s003454,259.6,2
s003455,75.78,1
s003456,222.05,3
s003457,69.95,1
s003458,152.93,2
s003459,300.23,4
s003460,211.23,2
s003461,121.78,2
s003462,271.94,4
s003463,0.0,0
s003464,49.71,1
s003465,168.96,1
s003466,90.0,1
s003467,89.68,1
s003468,205.99,2
s003469,128.83,1
s003470,0.0,0
s003471,70.1,1
s003472,268.15,2
s003473,314.43,3
s003474,163.76,2
s003475,434.12,4
s003476,25.81,1
s003477,285.42,3
s003478,103.35,2
s003479,0.0,0
s003480,54.53,1
s003481,159.82,2
s003482,51.68,1
s003483,0.0,0
s003484,331.44,2
s003485,0.0,0
s003486,156.9,2
s003487,133.58,1
s003488,110.68,2
s003489,73.22,1
s003490,148.55,2
s003491,0.0,0
s003492,134.52,2
s003493,61.79,1
s003494,35.63,1
s003495,128.55,2
s003496,173.78,3
s003497,283.29,2
s003498,213.86,2
s003499,0.0,0
s003500,174.52,2
s003501,411.85,3
s003502,204.08,2
s003503,130.85,2
s003504,274.14,3
s003505,187.62,3
s003506,201.16,3
s003507,153.01,2
s003508,47.75,1
s003509,0.0,0
s003510,274.78,2
s003511,159.81,2
s003512,55.39,1
s003513,0.0,0
s003514,119.38,2
s003515,0.0,0
s003516,68.46,1
s003517,0.0,0
s003518,150.19,3
s003519,217.0,3
s003520,266.09,4
s003521,75.09,1
s003522,0.0,0
s003523,97.6,2
s003524,197.19,3
s003525,69.69,1
s003526,34.51,1
s003527,43.75,1
s003528,50.35,1
s003529,63.81,1
s003530,153.47,1
s003531,110.53,2
s003532,223.85,3
s003533,156.04,2
s003534,129.76,1
s003535,110.55,2
s003536,33.52,1
s003537,117.93,2
s003538,444.6,4
s003539,0.0,0
s003540,158.92,2
s003541,197.29,2
s003542,165.79,2
s003543,89.89,1
s003544,0.0,0
s003545,365.41,4
s003546,273.34,3
s003547,0.0,0
s003548,28.55,1
s003549,338.15,3
s003550,152.65,2
s003551,105.79,2
s003552,0.0,0
s003553,267.48,4
s003554,0.0,0
s003555,65.28,1
s003556,288.19,4
s003557,223.59,2
s003558,690.89,6
s003559,60.11,1
s003560,0.0,0
s003561,125.82,2
s003562,109.68,2
s003563,155.52,2
s003564,0.0,0
s003565,0.0,0
s003566,288.84,3
s003567,96.86,1
s003568,337.42,4
s003569,42.74,1
s003570,275.29,4
s003571,167.22,2
s003572,143.91,2
s003573,403.48,4
s003574,0.0,0
s003575,227.49,4
s003576,316.83,3
s003577,0.0,0
s003578,148.49,2
s003579,243.54,2
s003580,223.87,3
s003581,0.0,0
s003582,0.0,0
s003583,0.0,0
s003584,66.1,1
s003585,0.0,0
s003586,172.25,2
s003587,204.25,2
s003588,0.0,0
s003589,236.44,3
s003590,106.07,2
s003591,57.58,1
s003592,173.27,2
s003593,155.41,2
s003594,428.33,3
s003595,185.54,2
s003596,183.16,3
s003597,154.4,1
s003598,0.0,0
s003599,206.97,3
s003600,316.93,5
s003601,58.17,1
s003602,308.72,4
s003603,162.68,3
s003604,394.04,4
s003605,352.33,4
s003606,128.13,2
s003607,172.97,2
s003608,116.46,2
s003609,94.72,1
s003610,113.86,2
s003611,114.15,1
s003612,219.3,2
s003613,150.7,3
s003614,110.51,2
s003615,208.62,3
s003616,91.38,1
s003617,158.99,2
s003618,172.97,3
s003619,313.84,3
s003620,48.74,1
s003621,141.32,3
s003622,61.67,1
s003623,58.96,1
s003624,196.5,2
s003625,227.14,3
s003626,236.75,3
s003627,162.02,2
s003628,411.98,4
s003629,243.95,4
s003630,41.16,1
s003631,70.51,1
s003632,178.7,3
s003633,117.22,1
s003634,301.11,3
s003635,216.21,2
s003636,162.52,2
s003637,68.23,1
s003638,389.11,3
s003639,50.42,1
s003640,86.41,1
s003641,308.23,3
s003642,127.66,2
s003643,83.22,1
s003644,447.2,4
s003645,260.99,3
s003646,277.29,3
s003647,161.77,2
s003648,0.0,0
s003649,47.27,1
s003650,323.21,4
s003651,361.72,2
s003652,216.91,2
s003653,42.24,1
s003654,245.2,2
s003655,88.95,1
s003656,242.36,2
s003657,0.0,0
s003658,0.0,0
s003659,309.69,3
s003660,42.27,1
s003661,211.94,2
s003662,53.53,1
s003663,0.0,0
s003664,50.19,1
s003665,132.84,2
s003666,86.9,1
s003667,164.93,2
s003668,74.33,1
s003669,198.08,2
s003670,243.02,2
s003671,149.13,2
s003672,129.36,2
s003673,196.14,1
s003674,0.0,0
s003675,331.89,3
s003676,0.0,0
s003677,161.18,2
s003678,54.65,1
s003679,126.34,1
s003680,190.79,3
s003681,0.0,0
s003682,0.0,0
s003683,0.0,0
s003684,134.82,2
s003685,186.5,3
s003686,229.06,3
s003687,400.78,4
s003688,239.74,4
s003689,97.02,1
s003690,0.0,0
s003691,153.01,2
s003692,51.79,1
s003693,165.75,2
s003694,59.49,1
s003695,402.3,3
s003696,35.81,1
s003697,341.0,3
s003698,160.42,2
s003699,0.0,0
s003700,0.0,0
s003701,92.78,1
s003702,0.0,0
s003703,0.0,0
s003704,287.81,3
s003705,80.07,1
s003706,317.73,3
s003707,253.99,3
s003708,329.47,3
s003709,0.0,0
s003710,0.0,0
s003711,0.0,0
s003712,52.55,1
s003713,250.76,3
s003714,43.78,1
s003715,0.0,0
s003716,101.7,1
s003717,98.69,1
s003718,136.29,1
s003719,116.63,1
s003720,68.94,1
s003721,124.49,2
s003722,151.6,1
s003723,107.65,1
s003724,233.78,3
s003725,114.81,1
s003726,477.73,4
s003727,56.06,1
s003728,172.69,2
s003729,250.18,3
s003730,91.39,1
s003731,142.3,2
s003732,51.12,1
s003733,56.91,1
s003734,0.0,0
s003735,39.75,1
s003736,161.91,1
s003737,0.0,0
s003738,55.67,1
s003739,375.04,5
s003740,0.0,0
s003741,84.38,2
s003742,0.0,0
s003743,265.08,3
s003744,296.53,3
s003745,0.0,0
s003746,251.3,3
s003747,46.85,1
s003748,67.37,1
s003749,74.52,1
s003750,233.09,3
s003751,316.91,4
s003752,90.65,2
s003753,425.53,5
s003754,183.88,2
s003755,92.68,2
s003756,122.74,2
s003757,251.76,3
s003758,160.35,2
s003759,112.36,1
s003760,128.23,2
s003761,181.45,3
s003762,40.91,1
s003763,206.81,2
s003764,136.96,2
s003765,158.26,1
s003766,247.2,2
s003767,94.53,1
s003768,192.09,3
s003769,0.0,0
s003770,151.45,2
s003771,151.14,3
s003772,47.96,1
s003773,317.88,3
s003774,131.43,2
s003775,87.3,1
s003776,331.06,4
s003777,0.0,0
s003778,156.36,2
s003779,174.9,2
s003780,0.0,0
s003781,218.69,3
s003782,88.17,1
s003783,0.0,0
s003784,0.0,0
s003785,62.6,1
s003786,392.95,5
s003787,312.51,4
s003788,227.16,3
s003789,80.0,1
s003790,87.03,2
s003791,73.98,1
s003792,275.62,3
s003793,0.0,0
s003794,61.59,1
s003795,165.08,2
s003796,136.39,2
s003797,87.17,1
s003798,136.15,2
s003799,41.27,1
s003800,79.19,1
s003801,35.2,1
s003802,54.3,1
s003803,0.0,0
s003804,187.83,2
s003805,217.94,3
s003806,0.0,0
s003807,105.83,2
s003808,0.0,0
s003809,77.85,1
s003810,40.38,1
s003811,391.85,4
s003812,99.22,2
s003813,176.58,2
s003814,240.25,3
s003815,492.73,5
s003816,0.0,0
s003817,207.74,3
s003818,159.83,2
s003819,0.0,0
s003820,0.0,0
s003821,124.89,1
s003822,0.0,0
s003823,591.12,4
s003824,50.92,1
s003825,29.91,1
s003826,0.0,0
s003827,53.46,1
s003828,179.82,2
s003829,367.39,4
s003830,149.41,2
s003831,183.19,3
s003832,79.52,1
s003833,62.4,1
s003834,46.27,1
s003835,208.6,3
s003836,33.53,1
s003837,89.47,1
s003838,219.39,3
s003839,78.02,1
s003840,67.99,1
s003841,122.29,2
s003842,280.65,3
s003843,80.25,1
s003844,54.81,1
s003845,0.0,0
s003846,177.62,2
s003847,111.34,2
s003848,155.22,2
s003849,209.67,3
s003850,270.12,3
s003851,96.48,1
s003852,230.3,3
s003853,135.38,2
s003854,0.0,0
s003855,152.06,2
s003856,52.49,1
s003857,130.03,1
s003858,0.0,0
s003859,176.78,3
s003860,262.18,3
s003861,271.42,4
s003862,135.44,1
s003863,154.51,2
s003864,207.14,3
s003865,226.88,3
s003866,153.22,2
s003867,344.79,3
s003868,75.37,1
s003869,0.0,0
s003870,162.27,2
s003871,165.76,2
s003872,243.68,3
s003873,133.35,2
s003874,212.49,2
s003875,102.91,2
s003876,0.0,0
s003877,108.23,2
s003878,123.43,2
s003879,110.12,1
s003880,65.52,1
s003881,0.0,0
s003882,138.12,2
s003883,339.05,3
s003884,761.06,7
s003885,415.35,3
s003886,0.0,0
s003887,296.72,3
s003888,434.26,3
s003889,208.27,3
s003890,143.38,2
s003891,49.97,1
s003892,75.07,1
s003893,186.58,2
s003894,62.55,1
s003895,241.7,2
s003896,66.33,1
s003897,40.92,1
s003898,0.0,0
s003899,88.26,1
s003900,70.42,1
s003901,56.57,1
s003902,60.54,1
s003903,321.34,3
s003904,195.85,2
s003905,0.0,0
s003906,117.43,1
s003907,71.43,1
s003908,220.9,3
s003909,118.87,1
s003910,0.0,0
s003911,56.72,1
s003912,48.12,1
s003913,138.37,2
s003914,46.92,1
s003915,138.8,1
s003916,176.03,3
s003917,561.48,5
s003918,57.44,1
s003919,180.64,2
s003920,127.38,1
s003921,130.55,2
s003922,0.0,0
s003923,87.99,1
s003924,239.34,4
s003925,268.0,3
s003926,817.08,8
s003927,0.0,0
s003928,329.56,3
s003929,149.39,2
s003930,113.97,2
s003931,309.8,4
s003932,219.54,4
s003933,0.0,0
s003934,83.81,1
s003935,0.0,0
s003936,249.27,3
s003937,97.85,1
s003938,0.0,0
s003939,422.24,4
s003940,181.77,2
s003941,45.36,1
s003942,81.89,1
s003943,66.15,1
s003944,472.5,5
s003945,92.98,2
s003946,68.79,1
s003947,311.37,3
s003948,245.32,3
s003949,258.27,3
s003950,53.94,1
s003951,56.86,1
s003952,67.17,1
s003953,0.0,0
s003954,140.2,1
s003955,248.24,3
s003956,174.47,2
s003957,39.09,1
s003958,140.96,2
s003959,0.0,0
s003960,199.06,3
s003961,0.0,0
s003962,133.65,2
s003963,49.94,1
s003964,0.0,0
s003965,116.66,1
s003966,96.97,1
s003967,0.0,0
s003968,320.65,3
s003969,166.44,2
s003970,121.96,1
s003971,88.46,1
s003972,222.04,2
s003973,446.01,4
s003974,289.48,3
s003975,36.17,1
s003976,275.65,3
s003977,278.73,3
s003978,193.69,3
s003979,0.0,0
s003980,143.59,2
s003981,41.09,1
s003982,233.1,3
s003983,105.5,2
s003984,314.8,3
s003985,76.57,2
s003986,128.13,2
s003987,336.43,4
s003988,218.38,3
s003989,116.77,2
s003990,204.23,2
s003991,197.97,2
s003992,204.57,3
s003993,105.99,1
s003994,135.02,1
s003995,200.16,3
s003996,169.33,3
s003997,58.83,1
s003998,267.7,4
s003999,82.29,1
